aaai,2022,https://dblp.uni-trier.de/db/conf/aaai/aaai2022.html
aaai,2022,https://dblp.uni-trier.de/db/conf/aaai/safeai2022.html
aaai,2022,https://dblp.uni-trier.de/db/conf/aaai/sdu2022.html
aaai,2022,https://dblp.uni-trier.de/db/conf/aaai/defactify2022.html
aaai,2022,https://dblp.uni-trier.de/db/conf/iaai/index.html
aaai,2021,https://dblp.uni-trier.de/db/conf/aaai/aaai2021.html
aaai,2021,https://dblp.uni-trier.de/db/conf/aaai/safeai2021.html
aaai,2021,https://dblp.uni-trier.de/db/conf/aaai/sdu2021.html
aaai,2021,https://dblp.uni-trier.de/db/conf/aaai/affcon2021.html
aaai,2021,https://dblp.uni-trier.de/db/conf/aaai/constraint2021.html
aaai,2021,https://dblp.uni-trier.de/db/conf/aaai/metadl2021.html
aaai,2021,https://dblp.uni-trier.de/db/conf/iaai/index.html
aaai,2020,https://dblp.uni-trier.de/db/conf/aaai/aaai2020.html
aaai,2020,https://dblp.uni-trier.de/db/conf/aaai/safeai2020.html
aaai,2020,https://dblp.uni-trier.de/db/conf/aaai/affcon2020.html
aaai,2020,https://dblp.uni-trier.de/db/conf/iaai/index.html
nips,2021,https://dblp.uni-trier.de/db/conf/nips/neurips2021.html
nips,2021,https://dblp.uni-trier.de/db/conf/nips/neurips2021db.html
nips,2021,https://dblp.uni-trier.de/db/conf/nips/demo2021x.html
nips,2020,https://dblp.uni-trier.de/db/conf/nips/neurips2020.html
nips,2020,https://dblp.uni-trier.de/db/conf/nips/demo2020x.html
nips,2020,https://dblp.uni-trier.de/db/conf/nips/csw2020.html
acl,2022,https://dblp.uni-trier.de/db/conf/acl/acl2022-1.html
acl,2022,https://dblp.uni-trier.de/db/conf/acl/acl2022-2.html
acl,2022,https://dblp.uni-trier.de/db/conf/acl/acl2022s.html
acl,2022,https://dblp.uni-trier.de/db/conf/acl/acl2022f.html
acl,2022,https://dblp.uni-trier.de/db/conf/acl/acl2022-d.html
acl,2022,https://dblp.uni-trier.de/db/conf/acl/acl2022-t.html
acl,2022,https://dblp.uni-trier.de/db/conf/ijcnlp/index.html
acl,2021,https://dblp.uni-trier.de/db/conf/acl/acl2021-1.html
acl,2021,https://dblp.uni-trier.de/db/conf/acl/acl2021-2.html
acl,2021,https://dblp.uni-trier.de/db/conf/acl/acl2021-s.html
acl,2021,https://dblp.uni-trier.de/db/conf/acl/acl2021f.html
acl,2021,https://dblp.uni-trier.de/db/conf/acl/acl2021-d.html
acl,2020,https://dblp.uni-trier.de/db/conf/acl/acl2020.html
acl,2020,https://dblp.uni-trier.de/db/conf/acl/acl2020-d.html
acl,2020,https://dblp.uni-trier.de/db/conf/acl/acl2020-s.html
acl,2020,https://dblp.uni-trier.de/db/conf/acl/acl2020-t.html
acl,2020,https://dblp.uni-trier.de/db/conf/acl/nuse2020.html
cvpr,2022,https://dblp.uni-trier.de/db/conf/cvpr/cvpr2022.html
cvpr,2022,https://dblp.uni-trier.de/db/conf/cvpr/cvpr2022w.html
cvpr,2021,https://dblp.uni-trier.de/db/conf/cvpr/cvpr2021.html
cvpr,2021,https://dblp.uni-trier.de/db/conf/cvpr/cvprw2021.html
cvpr,2020,https://dblp.uni-trier.de/db/conf/cvpr/cvpr2020.html
cvpr,2020,https://dblp.uni-trier.de/db/conf/cvpr/cvprw2020.html
iccv,2021,https://dblp.uni-trier.de/db/conf/iccv/iccv2021.html
iccv,2021,https://dblp.uni-trier.de/db/conf/iccvw/iccvw2021.html
iccv,2021,https://dblp.uni-trier.de/db/conf/iccv/dyad2021.html
icml,2022,https://dblp.uni-trier.de/db/conf/icml/icml2022.html
icml,2021,https://dblp.uni-trier.de/db/conf/icml/icml2021.html
icml,2020,https://dblp.uni-trier.de/db/conf/icml/icml2020.html
icml,2020,https://dblp.uni-trier.de/db/conf/icml/xxai2020.html
ijcai,2022,https://dblp.uni-trier.de/db/conf/ijcai/ijcai2022.html
ijcai,2022,https://dblp.uni-trier.de/db/conf/ijcai/att2022.html
ijcai,2022,https://dblp.uni-trier.de/db/conf/ijcai/cakr2022.html
ijcai,2022,https://dblp.uni-trier.de/db/conf/ijcai/ebem2022.html
ijcai,2022,https://dblp.uni-trier.de/db/conf/ijcai/iarml2022.html
ijcai,2022,https://dblp.uni-trier.de/db/series/eptcs/eptcs362.html
ijcai,2022,https://dblp.uni-trier.de/db/conf/ijcai/strl2022.html
ijcai,2022,https://dblp.uni-trier.de/db/conf/ijcai/fca4ai2022.html
ijcai,2022,https://dblp.uni-trier.de/db/conf/ijcai/fl2022.html
ijcai,2022,https://dblp.uni-trier.de/db/conf/ijcai/aisafety2022.html
ijcai,2022,https://dblp.uni-trier.de/db/conf/ijcai/hbai2022.html
ijcai,2022,https://dblp.uni-trier.de/db/conf/ijcai/pmai2022.html
ijcai,2022,https://dblp.uni-trier.de/db/conf/ijcai/sem4nbu2022.html
ijcai,2021,https://dblp.uni-trier.de/db/conf/ijcai/ijcai2021.html
ijcai,2021,https://dblp.uni-trier.de/db/conf/ijcai/aisafety2021.html
ijcai,2021,https://dblp.uni-trier.de/db/conf/ijcai/ai4function2021.html
ijcai,2021,https://dblp.uni-trier.de/db/conf/ijcai/fca4ai2021.html
ijcai,2021,https://dblp.uni-trier.de/db/conf/ijcai/mrc2021.html
ijcai,2021,https://dblp.uni-trier.de/db/conf/ijcai/ai4kmes2021.html
ijcai,2020,https://dblp.uni-trier.de/db/conf/ijcai/ijcai2020.html
ijcai,2020,https://dblp.uni-trier.de/db/conf/ijcai/ai4function2020.html
ijcai,2020,https://dblp.uni-trier.de/db/conf/ijcai/aisafety2020.html
ijcai,2020,https://dblp.uni-trier.de/db/conf/ijcai/ai4narratives2020.html
ijcai,2020,https://dblp.uni-trier.de/db/conf/ijcai/ai4km2020.html
ijcai,2020,https://dblp.uni-trier.de/db/conf/ijcai/hbai2020.html
sigmod,2022,https://dblp.uni-trier.de/db/conf/sigmod/sigmod2022.html
sigmod,2022,https://dblp.uni-trier.de/db/conf/sigmod/aidm2022.html
sigmod,2022,https://dblp.uni-trier.de/db/conf/bidede/bidede2022.html
sigmod,2022,https://dblp.uni-trier.de/db/conf/dataed/dataed2022.html
sigmod,2022,https://dblp.uni-trier.de/db/conf/dbtest-ws/dbtest2022.html
sigmod,2022,https://dblp.uni-trier.de/db/conf/deem/deem2022.html
sigmod,2022,https://dblp.uni-trier.de/db/conf/grades/grades2022.html
sigmod,2022,https://dblp.uni-trier.de/db/conf/sigmod/hilda2022.html
sigmod,2022,https://dblp.uni-trier.de/db/conf/tapp/tapp2022.html
sigmod,2021,https://dblp.uni-trier.de/db/conf/sigmod/sigmod2021.html
sigmod,2021,https://dblp.uni-trier.de/db/conf/sigmod/aidm2021.html
sigmod,2021,https://dblp.uni-trier.de/db/conf/sigmod/bidede2021.html
sigmod,2021,https://dblp.uni-trier.de/db/conf/sigmod/deem2021.html
sigmod,2021,https://dblp.uni-trier.de/db/conf/sigmod/grades2021.html
sigmod,2020,https://dblp.uni-trier.de/db/conf/sigmod/sigmod2020.html
sigmod,2020,https://dblp.uni-trier.de/db/conf/sigmod/aidm2020.html
sigmod,2020,https://dblp.uni-trier.de/db/conf/sigmod/dbtest2020.html
sigmod,2020,https://dblp.uni-trier.de/db/conf/sigmod/deem2020.html
sigmod,2020,https://dblp.uni-trier.de/db/conf/sigmod/dsmm2020.html
sigmod,2020,https://dblp.uni-trier.de/db/conf/sigmod/georich2020.html
sigmod,2020,https://dblp.uni-trier.de/db/conf/sigmod/grades2020.html
sigmod,2020,https://dblp.uni-trier.de/db/conf/sigmod/sbd2020.html
kdd,2022,https://dblp.uni-trier.de/db/conf/kdd/kdd2022.html
kdd,2021,https://dblp.uni-trier.de/db/conf/kdd/kdd2021.html
kdd,2021,https://dblp.uni-trier.de/db/conf/kdd/cd2021.html
kdd,2021,https://dblp.uni-trier.de/db/conf/kdd/dash2021.html
kdd,2020,https://dblp.uni-trier.de/db/conf/kdd/kdd2020.html
kdd,2020,https://dblp.uni-trier.de/db/conf/kdd/nllp2020.html
kdd,2020,https://dblp.uni-trier.de/db/conf/kdd/converse2020.html
kdd,2020,https://dblp.uni-trier.de/db/conf/kdd/cd2020.html
kdd,2020,https://dblp.uni-trier.de/db/conf/kdd/dash2020.html
kdd,2020,https://dblp.uni-trier.de/db/conf/kdd/kiml2020.html
icde,2022,https://dblp.uni-trier.de/db/conf/icde/icde2022.html
icde,2022,https://dblp.uni-trier.de/db/conf/icde/icde2022w.html
icde,2021,https://dblp.uni-trier.de/db/conf/icde/icde2021.html
icde,2021,https://dblp.uni-trier.de/db/conf/icde/icde2021w.html
icde,2020,https://dblp.uni-trier.de/db/conf/icde/icde2020.html
icde,2020,https://dblp.uni-trier.de/db/conf/icde/icde2020w.html
sigir,2022,https://dblp.uni-trier.de/db/conf/sigir/sigir2022.html
sigir,2021,https://dblp.uni-trier.de/db/conf/sigir/sigir2021.html
sigir,2020,https://dblp.uni-trier.de/db/conf/sigir/sigir2020.html
sigir,2020,https://dblp.uni-trier.de/db/conf/sigir/birds2020.html
sigir,2020,https://dblp.uni-trier.de/db/series/ceurws/index.html
vldb,2022,https://dblp.uni-trier.de/db/conf/vldb/phd2022.html
vldb,2022,https://dblp.uni-trier.de/db/series/ceurws/index.html
vldb,2022,https://dblp.uni-trier.de/db/conf/vldb/cdms2022.html
vldb,2022,https://dblp.uni-trier.de/db/conf/vldb/deco2022.html
vldb,2021,https://dblp.uni-trier.de/db/conf/vldb/seadata2021.html
vldb,2021,https://dblp.uni-trier.de/db/series/ceurws/index.html
vldb,2021,https://dblp.uni-trier.de/db/conf/vldb/phd2021.html
vldb,2020,https://dblp.uni-trier.de/db/journals/pvldb/pvldb13.html
