ai,2023,https://dblp.uni-trier.de/db/journals/ai/ai314.html
ai,2023,https://dblp.uni-trier.de/db/journals/ai/ai315.html
ai,2023,https://dblp.uni-trier.de/db/journals/ai/ai316.html
ai,2023,https://dblp.uni-trier.de/db/journals/ai/ai317.html
ai,2022,https://dblp.uni-trier.de/db/journals/ai/ai302.html
ai,2022,https://dblp.uni-trier.de/db/journals/ai/ai303.html
ai,2022,https://dblp.uni-trier.de/db/journals/ai/ai304.html
ai,2022,https://dblp.uni-trier.de/db/journals/ai/ai305.html
ai,2022,https://dblp.uni-trier.de/db/journals/ai/ai306.html
ai,2022,https://dblp.uni-trier.de/db/journals/ai/ai307.html
ai,2022,https://dblp.uni-trier.de/db/journals/ai/ai308.html
ai,2022,https://dblp.uni-trier.de/db/journals/ai/ai309.html
ai,2022,https://dblp.uni-trier.de/db/journals/ai/ai310.html
ai,2022,https://dblp.uni-trier.de/db/journals/ai/ai311.html
ai,2022,https://dblp.uni-trier.de/db/journals/ai/ai312.html
ai,2022,https://dblp.uni-trier.de/db/journals/ai/ai313.html
ai,2021,https://dblp.uni-trier.de/db/journals/ai/ai290.html
ai,2021,https://dblp.uni-trier.de/db/journals/ai/ai291.html
ai,2021,https://dblp.uni-trier.de/db/journals/ai/ai292.html
ai,2021,https://dblp.uni-trier.de/db/journals/ai/ai293.html
ai,2021,https://dblp.uni-trier.de/db/journals/ai/ai294.html
ai,2021,https://dblp.uni-trier.de/db/journals/ai/ai295.html
ai,2021,https://dblp.uni-trier.de/db/journals/ai/ai296.html
ai,2021,https://dblp.uni-trier.de/db/journals/ai/ai297.html
ai,2021,https://dblp.uni-trier.de/db/journals/ai/ai298.html
ai,2021,https://dblp.uni-trier.de/db/journals/ai/ai299.html
ai,2021,https://dblp.uni-trier.de/db/journals/ai/ai300.html
ai,2021,https://dblp.uni-trier.de/db/journals/ai/ai301.html
pami,2023,https://dblp.uni-trier.de/db/journals/pami/pami45.html
pami,2022,https://dblp.uni-trier.de/db/journals/pami/pami44.html
pami,2021,https://dblp.uni-trier.de/db/journals/pami/pami43.html
ijcv,2023,https://dblp.uni-trier.de/db/journals/ijcv/ijcv131.html
ijcv,2022,https://dblp.uni-trier.de/db/journals/ijcv/ijcv130.html
ijcv,2021,https://dblp.uni-trier.de/db/journals/ijcv/ijcv129.html
jmlr,2022,https://dblp.uni-trier.de/db/journals/jmlr/jmlr23.html
jmlr,2021,https://dblp.uni-trier.de/db/journals/jmlr/jmlr22.html
tods,2022,https://dblp.uni-trier.de/db/journals/tods/tods47.html
tods,2021,https://dblp.uni-trier.de/db/journals/tods/tods46.html
tois,2023,https://dblp.uni-trier.de/db/journals/tois/tois41.html
tois,2022,https://dblp.uni-trier.de/db/journals/tois/tois40.html
tois,2021,https://dblp.uni-trier.de/db/journals/tois/tois39.html
tkde,2023,https://dblp.uni-trier.de/db/journals/tkde/tkde35.html
tkde,2022,https://dblp.uni-trier.de/db/journals/tkde/tkde34.html
tkde,2021,https://dblp.uni-trier.de/db/journals/tkde/tkde33.html
vldb,2023,https://dblp.uni-trier.de/db/journals/vldb/vldb32.html
vldb,2022,https://dblp.uni-trier.de/db/journals/vldb/vldb31.html
vldb,2021,https://dblp.uni-trier.de/db/journals/vldb/vldb30.html
